{"_wandb":{"runtime":540},"train_runtime":522.9253,"eval/accuracy":0.8350253807106599,"eval/runtime":17.4291,"train/global_step":985,"_timestamp":1.750175320942572e+09,"train/loss":3.5449,"train/epoch":5,"train_loss":2.1696160485901808,"eval/loss":1.1386786699295044,"train/grad_norm":35.35771179199219,"eval/steps_per_second":2.869,"_step":3,"train/learning_rate":2.467005076142132e-05,"_runtime":539.985908,"train_steps_per_second":1.884,"train_samples_per_second":15.031,"eval/samples_per_second":22.606,"total_flos":1.8142682673217536e+17}